e_gain,e_loss,distance,turns,intE_gain,intE_loss,intDistance,intTurns,downHillTurns,intDownHillTurns
271.45999999999987,272.55999999999995,32416.64529687336,14.0,188.08999999999983,127.94000000000003,14757.680047703194,10.0,9.0,7.0
271.45999999999987,272.55999999999995,32416.64529687336,14.0,82.71999999999998,144.62,17574.47972553439,4.0,9.0,1.0
