e_gain,e_loss,distance,turns,intE_gain,intE_loss,intDistance,intTurns,downHillTurns,intDownHillTurns
254.27,254.27000000000004,31016.015920056565,13.0,138.1,95.42000000000002,18272.32772362326,4.0,3.0,2.0
254.27,254.27000000000004,31016.015920056565,13.0,114.28999999999994,158.84999999999997,12676.665393217545,9.0,3.0,2.0
